Record_ID,Species,New_CODE,Field_Code,Type_of_Record,Site,Date,Boat_name,Fishermen,Fisherman_cooperative,Catch_date,LaNAing_site,Sale_price_pkg,Location,Fish_Market_name,Address,Phone_number,Catch_site,Lat,Long,Fisherman,Pesca_Objetivo,Captura_total_Mero_(kg),Weight,Weight_notes,Total_Length,StaNAard_Length,Head_Length,Head_width,Otoliths,Tissue,Gonads,Stomach,Sex,Scales,Pictures,Whole_Fish,Species_identification?,Collector,Analyzed?,Comments
GSB-001,Giant Sea Bass,SG-TJ-170430-01,TJ-01,Fish Market,Tijuana,30/04/2017,NA,NA,NA,NA,NA,150,Tijuana,Pescaderia Sinaloa,"Calle 6ta 8524, Centro, 22000 Tijuana, B.C., Mexico",664 685 3155,San Juanico (Golfo de Ulloa),26.021758,-112.434045,TBD,NA,NA,160,NA,NA,NA,NA,NA,NO,YES,NO,NA,NA,YES,YES,NO,Arturo,Arturo,NA,NA
GSB-002,Giant Sea Bass,SG-EN-170506-01,EN-01,Fish Market,Ensenada,06/05/2017,NA,NA,NA,NA,NA,60,Ensenada,Mercado Negro,NA,NA,Guerrero Negro,28.029533,-114.339297,NA,NA,NA,140,NA,172,NA,46,NA,YES,YES,NO,NA,NA,NA,YES,HEAD,Antonio Gomez,Antonio Gomez,YES,NA
GSB-003,Giant Sea Bass,SG-EN-170506-02,EN-02,Fish Market,Ensenada,06/05/2017,NA,NA,NA,NA,NA,110,Ensenada,Mercado Negro,NA,NA,Guerrero Negro,28.029533,-114.339297,NA,NA,NA,NA,NA,NA,NA,NA,NA,NA,NA,NA,NA,NA,NA,NO,YES,Antonio Gomez,Antonio Gomez,NO,CHECAR CON EN-11
GSB-004,Giant Sea Bass,SG-EN-170506-03,EN-03,Fish Market,Ensenada,06/05/2017,NA,NA,NA,NA,NA,110,Ensenada,Mercado Negro,NA,NA,Guerrero Negro,28.029533,-114.339297,NA,NA,NA,6.09,NA,75,NA,22,NA,NO,YES,YES,NA,NA,NA,NO,YES,Antonio Gomez,Antonio Gomez,YES,NA
GSB-005,Giant Sea Bass,SG-EN-170506-04,EN-04,Fish Market,Ensenada,08/05/2017,NA,NA,NA,NA,NA,110,Ensenada,Mercado Negro,NA,NA,Bahía Tortugas,27.607747,-114.871167,NA,NA,NA,18,NA,NA,NA,NA,NA,YES,YES,NO,NA,NA,NA,YES,YES,Paula Sgarlatta,Paula Sgarlatta,YES,NA
GSB-006,Giant Sea Bass,SG-EN-170506-05,EN-05,Fish Market,Ensenada,08/05/2017,NA,NA,NA,NA,NA,110,Ensenada,Mercado Negro,NA,NA,Bahía Tortugas,27.607747,-114.871167,NA,NA,NA,5,NA,NA,NA,NA,NA,YES,YES,NO,NA,NA,NA,NO,YES,Paula Sgarlatta,Paula Sgarlatta,YES,NA
GSB-007,Giant Sea Bass,SG-EN-170513-01,EN-06,Fish Market,Ensenada,13/05/2017,NA,NA,NA,NA,NA,100,Ensenada,Mercado Negro,NA,NA,Guerrero Negro,28.029533,-114.339297,NA,NA,NA,53,NA,140,NA,NA,NA,NO,YES,NO,NA,NA,NO,YES,NO,Paula Sgarlatta,Paula Sgarlatta,YES,NA
GSB-008,Giant Sea Bass,SG-EN-170513-02,EN-07,Fish Market,Ensenada,13/05/2017,NA,NA,NA,NA,NA,100,Ensenada,Mercado Negro,NA,NA,Guerrero Negro,28.029533,-114.339297,NA,NA,NA,8,NA,90,NA,NA,NA,NO,NO,NO,NA,NA,NO,NO,NO,Paula Sgarlatta,Paula Sgarlatta,YES,NA
GSB-009,Giant Sea Bass,SG-EN-170513-03,EN-08,Fish Market,Ensenada,13/05/2017,NA,NA,NA,NA,NA,100,Ensenada,Mercado Negro,NA,NA,Guerrero Negro,28.029533,-114.339297,NA,NA,NA,8,NA,80,NA,NA,NA,NO,NO,NO,NA,NA,NO,NO,NO,Paula Sgarlatta,Paula Sgarlatta,YES,NA
GSB-010,Giant Sea Bass,SG-EN-170513-04,EN-09,Fish Market,Ensenada,13/05/2017,NA,NA,NA,NA,NA,100,Ensenada,Mercado Negro,NA,NA,Guerrero Negro,28.029533,-114.339297,NA,NA,NA,113,NA,190,NA,NA,NA,NO,NO,NO,NA,NA,NO,NO,NO,Paula Sgarlatta,Paula Sgarlatta,YES,NA
GSB-011,Giant Sea Bass,SG-LM-170506-01,LM-01,Campo Pesquero,Laguna Manuela,06/05/2017,Patrimonio 7,Edwin,NA,06/05/2017,Laguna Manuela,60,Guerrero Negro,NA,NA,NA,Laguna Manuela,28.182887,-114.121771,Edwin,NA,NA,10,NA,81,NA,NA,NA,NO,YES,YES,NA,NA,NA,YES,NO,Elea Medina Y Cynthia,Elea Medina Y Cynthia,YES,NA
GSB-012,Giant Sea Bass,SG-LM-170506-02,LM-02,Campo Pesquero,Laguna Manuela,06/05/2017,R-11,Francisco Castro,NA,06/05/2017,Laguna Manuela,30-40,Guerrero Negro,NA,NA,NA,Laguna Manuela,28.182887,-114.121771,Francisco Castro,NA,NA,6.2,NA,65,NA,NA,NA,NO,YES,YES,NA,NA,NA,YES,NO,Elea Medina Y Cynthia,Elea Medina Y Cynthia,YES,NA
GSB-013,Giant Sea Bass,SG-TJ-170523-01,TJ-02,Fish Market,Tijuana,23/05/2017,NA,NA,NA,NA,NA,85,Tijuana,Pescaderia Sinaloa,"Calle 6ta 8524, Centro, 22000 Tijuana, B.C., Mexico",664 685 3155,Bahía Tortugas,27.607747,-114.871167,TBD,NA,NA,2,NA,53,NA,15,NA,YES,YES,YES,NA,NA,YES,NO,YES,Arturo,Arturo,YES,EN LAS FOTOS Y FRASCOS ESTÁ COMO TJ-14. Enfrascos se cambió a TJ-02
GSB-014,Giant Sea Bass,SG-TJ-170523-02,TJ-03,Fish Market,Tijuana,23/05/2017,NA,NA,NA,NA,NA,85,Tijuana,Pescaderia Sinaloa,"Calle 6ta 8524, Centro, 22000 Tijuana, B.C., Mexico",664 685 3155,Bahía Tortugas,27.607747,-114.871167,TBD,NA,NA,2.4,NA,55,NA,16,NA,YES,YES,NO,NA,NA,YES,NO,YES,Arturo,Arturo,YES,EN LAS FOTOS Y FRASCOS ESTÁ COMO TJ-15. En los frascos se cambió a TJ-03
GSB-015,Giant Sea Bass,SG-TJ-170523-03,TJ-04,Fish Market,Tijuana,23/05/2017,NA,NA,NA,NA,NA,85,Tijuana,Pescaderia Sinaloa,"Calle 6ta 8524, Centro, 22000 Tijuana, B.C., Mexico",664 685 3155,Bahía Tortugas,27.607747,-114.871167,TBD,NA,NA,2.4,NA,54,NA,15,NA,YES,YES,NO,NA,NA,YES,NO,YES,Arturo,Arturo,YES,EN LAS FOTOS Y FRASCOS ESTÁ COMO TJ-16. En los frascos se pasó a TJ-04
GSB-016,Giant Sea Bass,SG-TJ-170523-04,TJ-05,Fish Market,Tijuana,23/05/2017,NA,NA,NA,NA,NA,85,Tijuana,Pescaderia Sinaloa,"Calle 6ta 8524, Centro, 22000 Tijuana, B.C., Mexico",664 685 3155,Bahía Tortugas,27.607747,-114.871167,TBD,NA,NA,3.1,NA,57,NA,16,NA,YES,YES,NO,NA,NA,YES,YES,YES,Arturo,Arturo,YES,EN LAS FOTOS Y FRASCOS ESTÁ COMO TJ-17. En los frascos se pasó a TJ-05
GSB-017,Giant Sea Bass,SG-TJ-170523-05,TJ-06,Fish Market,Tijuana,23/05/2017,NA,NA,NA,NA,NA,85,Tijuana,Pescaderia Sinaloa,"Calle 6ta 8524, Centro, 22000 Tijuana, B.C., Mexico",664 685 3155,Bahía Tortugas,27.607747,-114.871167,TBD,NA,NA,2.3,NA,53,NA,16,NA,YES,YES,YES,NA,NA,YES,YES,YES,Arturo,Arturo,YES,EN LAS FOTOS Y FRASCOS ESTÁ COMO TJ-18. En los frascos se cambió a TJ-06
GSB-018,Giant Sea Bass,SG-TJ-170523-06,TJ-07,Fish Market,Tijuana,23/05/2017,NA,NA,NA,NA,NA,85,Tijuana,Pescaderia Sinaloa,"Calle 6ta 8524, Centro, 22000 Tijuana, B.C., Mexico",664 685 3155,Bahía Tortugas,27.607747,-114.871167,TBD,NA,NA,2.4,NA,53,NA,13.5,NA,YES,YES,YES,NA,NA,YES,NO,YES,Arturo,Arturo,YES,EN LAS FOTOS Y FRASCOS ESTÁ COMO TJ-19. En los frascos se pasó a TJ-07
GSB-019,Giant Sea Bass,SG-TJ-170523-07,TJ-08,Fish Market,Tijuana,23/05/2017,NA,NA,NA,NA,NA,85,Tijuana,Pescaderia Sinaloa,"Calle 6ta 8524, Centro, 22000 Tijuana, B.C., Mexico",664 685 3155,Bahía Tortugas,27.607747,-114.871167,TBD,NA,NA,4.45,NA,66,NA,18,NA,YES,YES,NO,NA,NA,YES,YES,YES,Arturo,Arturo,YES,EN LAS FOTOS Y FRASCOS ESTÁ COMO TJ-20. En los frascos se pasó a TJ-08
GSB-020,Giant Sea Bass,SG-EN-170527-01,EN-10,Fish Market,Ensenada,27/05/2017,NA,NA,NA,NA,NA,60,Ensenada,Mercado Negro,NA,NA,Guerrero Negro,28.029533,-114.339297,NA,NA,NA,110,NA,195,NA,50,50,NO,YES,NO,NA,NA,NA,YES,HEAD,Paula Sgarlatta,Paula Sgarlatta,YES,NA
GSB-021,Giant Sea Bass,SG-EN-170527-02,EN-11,Fish Market,Ensenada,27/05/2017,NA,NA,NA,NA,NA,110,Ensenada,Mercado Negro,NA,NA,Guerrero Negro,28.029533,-114.339297,NA,NA,NA,30.8,NA,123,NA,33,26,YES,YES,YES,NA,NA,NA,YES,YES,Paula Sgarlatta,Paula Sgarlatta,YES,CHECAR CON EN-02
GSB-022,Giant Sea Bass,SG-EN-170527-03,EN-12,Fish Market,Ensenada,27/05/2017,NA,NA,NA,NA,NA,110,Ensenada,Mercado Negro,NA,NA,Guerrero Negro,28.029533,-114.339297,NA,NA,NA,78,NA,170,NA,NA,NA,NO,YES,NO,NA,NA,NA,YES,NO,Paula Sgarlatta,Paula Sgarlatta,YES,NA
GSB-023,Giant Sea Bass,SG-EN-170529-01,EN-13,Fish Market,Ensenada,29/05/2017,NA,NA,NA,NA,NA,60,Ensenada,Mercado Negro,NA,NA,Guerrero Negro,28.029533,-114.339297,NA,NA,NA,NA,NA,NA,NA,NA,NA,YES,NA,NO,NA,NA,NA,NO,HEAD,Paula Sgarlatta,Paula Sgarlatta,NO,NA
GSB-024,Giant Sea Bass,SG-EN-170529-02,EN-14,Fish Market,Ensenada,29/05/2017,NA,NA,NA,NA,NA,60,Ensenada,Mercado Negro,NA,NA,Guerrero Negro,28.029533,-114.339297,NA,NA,NA,NA,NA,NA,NA,NA,NA,YES,NA,NO,NA,NA,NA,NO,HEAD,Paula Sgarlatta,Paula Sgarlatta,NO,NA
GSB-025,Giant Sea Bass,SG-EN-170529-03,EN-15,Fish Market,Ensenada,29/05/2017,NA,NA,NA,NA,NA,60,Ensenada,Mercado Negro,NA,NA,Guerrero Negro,28.029533,-114.339297,NA,NA,NA,NA,NA,NA,NA,NA,NA,YES,NA,NO,NA,NA,NA,NO,HEAD,Paula Sgarlatta,Paula Sgarlatta,NO,NA
GSB-026,Giant Sea Bass,SG-BM-170529-01,BM-01,Campo Pesquero,Bahia Magdalena (Lopez Mateos),29/05/2017,PENAIENTE,Reynaldo SaNAoval,López Mateos,25/05/2017,López Mateos,PENAIENTE,López Mateos,NA,NA,NA,Bahia Magdalena (Lopez Mateos),PENAIENTE,PENAIENTE,Reynaldo SaNAoval,NA,NA,58,NA,155,NA,NA,NA,NO,NO,NO,NA,Female,NO,NO,NO,Arturo,Arturo,NA,NA
GSB-027,Giant Sea Bass,SG-BM-170529-02,BM-02,Campo Pesquero,Bahia Magdalena (Lopez Mateos),29/05/2017,PENAIENTE,Reynaldo SaNAoval,López Mateos,25/05/2017,López Mateos,PENAIENTE,López Mateos,NA,NA,NA,Bahia Magdalena (Lopez Mateos),PENAIENTE,PENAIENTE,Reynaldo SaNAoval,NA,NA,37,NA,138,NA,NA,NA,NO,NO,NO,NA,Male,NO,NO,NO,Arturo,Arturo,NA,NA
GSB-028,Giant Sea Bass,SG-EN-170602-01,EN-16,Fish Market,Ensenada,02/06/2017,NA,NA,NA,NA,NA,115,Guerrero Negro,Mercado Negro,NA,NA,Guerrero Negro,NA,NA,NA,NA,NA,147,NA,197,NA,53,50,NO,YES,NO,NA,NA,NA,YES,NO,Paula Sgarlatta,Paula Sgarlatta,YES,NA
GSB-029,Giant Sea Bass,SG-EN-170602-02,EN-17,Fish Market,Ensenada,02/06/2017,NA,NA,NA,NA,NA,115,Guerrero Negro,Mercado Negro,NA,NA,Guerrero Negro,NA,NA,NA,NA,NA,44,NA,132,NA,32,28,YES,YES,NO,NA,NA,NA,YES,YES,Paula Sgarlatta,Paula Sgarlatta,YES,NA
GSB-030,Giant Sea Bass,SG-EN-170602-03,EN-18,Fish Market,Ensenada,02/06/2017,NA,NA,NA,NA,NA,115,Guerrero Negro,Mercado Negro,NA,NA,Guerrero Negro,NA,NA,NA,NA,NA,44,NA,134,NA,43,38,NO,YES,NO,NA,NA,NA,YES,NO,Paula Sgarlatta,Paula Sgarlatta,YES,NA
GSB-031,Giant Sea Bass,SG-EN-170602-04,EN-19,Fish Market,Ensenada,02/06/2017,NA,NA,NA,NA,NA,115,Guerrero Negro,Mercado Negro,NA,NA,Guerrero Negro,NA,NA,NA,NA,NA,117,NA,192,NA,63,40,NO,YES,NO,NA,NA,NA,YES,NO,Paula Sgarlatta,Paula Sgarlatta,YES,NA
GSB-032,Giant Sea Bass,SG-EN-170602-05,EN-20,Fish Market,Ensenada,02/06/2017,NA,NA,NA,NA,NA,115,Guerrero Negro,Mercado Negro,NA,NA,Guerrero Negro,NA,NA,NA,NA,NA,120,NA,182,NA,55,30,NO,YES,NO,NA,NA,NA,YES,NO,Paula Sgarlatta,Paula Sgarlatta,YES,NA
GSB-033,Giant Sea Bass,SG-EN-170606-01,EN-21,Fish Market,Ensenada,06/06/2017,NA,NA,NA,NA,NA,60,PENAIENTE,Mercado Negro,NA,NA,NA,NA,NA,NA,NA,NA,117,NA,195,NA,NA,NA,YES,YES,NO,NA,NA,NA,YES,HEAD,Paula Sgarlatta/Ricardo Dominguez,Paula Sgarlatta Y Ricardo Dominguez,YES,NA
GSB-034,Giant Sea Bass,SG-EN-170610-01,EN-22,Fish Market,Ensenada,10/06/2017,NA,NA,NA,NA,NA,120,Ensenada,Mercado Negro,NA,NA,Guerrero Negro,NA,NA,NA,NA,NA,9,NA,87,NA,23,NA,YES,YES,NO,NA,NA,NA,YES,YES,Arturo,Arturo,YES,NA
GSB-035,Giant Sea Bass,SG-EN-170610-02,EN-23,Fish Market,Ensenada,10/06/2017,NA,NA,NA,NA,NA,120,Ensenada,Mercado Negro,NA,NA,Guerrero Negro,NA,NA,NA,NA,NA,32,NA,127,NA,33,28,YES,YES,NO,NA,NA,NA,NO,YES,Arturo,Arturo,YES,NA
GSB-036,Giant Sea Bass,SG-EN-170610-03,EN-24,Fish Market,Ensenada,10/06/2017,NA,NA,NA,NA,NA,120,Ensenada,Mercado Negro,NA,NA,Guerrero Negro,NA,NA,NA,NA,NA,48,NA,144,NA,39,32,YES,YES,NO,NA,NA,NA,NO,YES,Arturo,Arturo,YES,NA
GSB-037,Giant Sea Bass,SG-EN-170610-04,EN-25,Fish Market,Ensenada,10/06/2017,NA,NA,NA,NA,NA,120,Ensenada,Mercado Negro,NA,NA,Guerrero Negro,NA,NA,NA,NA,NA,43,NA,140,NA,38,29,YES,YES,NO,NA,NA,NA,NO,YES,Arturo,Arturo,YES,NA
GSB-038,Giant Sea Bass,SG-EN-170610-05,EN-26,Fish Market,Ensenada,10/06/2017,NA,NA,NA,NA,NA,120,Ensenada,Mercado Negro,NA,NA,Guerrero Negro,NA,NA,NA,NA,NA,11.8,NA,90,NA,21,NA,YES,YES,NO,NA,NA,NA,YES,YES,Arturo,Arturo,YES,NA
GSB-039,Giant Sea Bass,SG-EN-170610-06,EN-27,Fish Market,Ensenada,10/06/2017,NA,NA,NA,NA,NA,120,Ensenada,Mercado Negro,NA,NA,Guerrero Negro,NA,NA,NA,NA,NA,5.8,NA,70,NA,16,NA,YES,YES,NO,NA,NA,NA,YES,YES,Arturo,Arturo,YES,NA
GSB-040,Giant Sea Bass,SG-TJ-170610-01,TJ-09,Fish Market,Tijuana,10/06/2017,NA,NA,NA,NA,NA,NA,Tijuana,Pescadería Los Delfines,NA,NA,Laguna San Ignacio,NA,NA,NA,NA,NA,2,NA,51,NA,14,NA,YES,YES,NO,NA,NA,NA,YES,YES,Arturo,Arturo,YES,NA
GSB-041,Giant Sea Bass,SG-TJ-170610-02,TJ-10,Fish Market,Tijuana,10/06/2017,NA,NA,NA,NA,NA,NA,Tijuana,Pescadería Los Delfines,NA,NA,Laguna San Ignacio,NA,NA,NA,NA,NA,9.8,NA,86,NA,22,NA,YES,YES,NO,NA,NA,NA,YES,YES,Arturo,Arturo,YES,NA
GSB-042,Giant Sea Bass,SG-TJ-170610-03,TJ-11,Fish Market,Tijuana,10/06/2017,NA,NA,NA,NA,NA,NA,Tijuana,Pescadería Los Delfines,NA,NA,Laguna San Ignacio,NA,NA,NA,NA,NA,5,NA,72,NA,19,NA,YES,YES,NO,NA,NA,NA,YES,YES,Arturo,Arturo,YES,NA
GSB-043,Giant Sea Bass,SG-TJ-170610-04,TJ-12,Fish Market,Tijuana,10/06/2017,NA,NA,NA,NA,NA,NA,Tijuana,Pescadería Los Delfines,NA,NA,Laguna San Ignacio,NA,NA,NA,NA,NA,1,NA,30,NA,10,NA,YES,YES,NO,NA,NA,NA,YES,YES,Arturo,Arturo,YES,NA
GSB-044,Giant Sea Bass,SG-TJ-170610-05,TJ-13,Fish Market,Tijuana,10/06/2017,NA,NA,NA,NA,NA,NA,Tijuana,Pescadería Los Delfines,NA,NA,Laguna San Ignacio,NA,NA,NA,NA,NA,12,NA,90,NA,25,NA,YES,YES,NO,NA,NA,NA,YES,YES,Arturo,Arturo,YES,NA
GSB-045,Giant Sea Bass,SG-EN-170622-01,EN-28,Fish Market,Ensenada,22/06/2017,NA,NA,NA,NA,NA,120,Ensenada,Mercado Negro,NA,NA,Guerrero Negro,NA,NA,NA,NA,NA,108,NA,NA,NA,NA,NA,NO,YES,NO,NA,NA,NO,NO,NO,Paula Sgarlatta/Isabel HernáNAez,Paula Sgarlatta Y Isabel HernaNAez,YES,NA
GSB-046,Giant Sea Bass,SG-EN-170623-01,EN-29,Fish Market,Ensenada,23/06/2017,NA,NA,NA,NA,NA,120,Ensenada,Mercado Negro,NA,NA,Guerrero Negro,NA,NA,NA,NA,NA,4.54,NA,70,NA,20,NA,YES,YES,YES,NA,NA,YES,YES,YES,Paula Sgarlatta,Paula Sgarlatta,YES,ESTABA COMO EN-X1
GSB-047,Giant Sea Bass,SG-EN-170623-02,EN-30,Fish Market,Ensenada,23/06/2017,NA,NA,NA,NA,NA,120,Ensenada,Mercado Negro,NA,NA,Guerrero Negro,NA,NA,NA,NA,NA,3.4,NA,63,NA,16,NA,YES,YES,YES,NA,NA,YES,YES,YES,Paula Sgarlatta,Paula Sgarlatta,YES,ESTABA COMO EN-X2
GSB-048,Giant Sea Bass,SG-EN-170623-03,EN-31,Fish Market,Ensenada,23/06/2017,NA,NA,NA,NA,NA,120,Ensenada,Mercado Negro,NA,NA,Guerrero Negro,NA,NA,NA,NA,NA,5.2,NA,72,NA,22,NA,YES,YES,YES,NA,NA,YES,YES,YES,Paula Sgarlatta,Paula Sgarlatta,YES,ESTABA COMO EN-X3
GSB-049,Giant Sea Bass,SG-EN-170701-01,EN-32,Fish Market,Ensenada,01/07/2017,NA,NA,NA,NA,NA,120,Ensenada,Mercado Negro,NA,NA,Guerrero Negro,NA,NA,NA,NA,NA,6.1,NA,74,NA,19,NA,YES,YES,NO,NA,NA,YES,YES,YES,Paula Sgarlatta,Paula Sgarlatta,YES,ESTABA COMO EN-Y1
GSB-050,Giant Sea Bass,SG-GN-170616-01,GN-01,Campo Pesquero,Guerrero Negro,16/06/2017,Alicia II,Ulises,NA,16/06/2017,Las Casitas,NA,Guerrero Negro,NA,NA,NA,Guerrero Negro,NA,NA,NA,NA,NA,5.6,NA,68,NA,19,NA,YES,YES,YES,NA,NA,YES,NO,YES,Ricardo Dominguez/Cynthia Castellanos,Ricardo Dominguez Y Cynthia Castellanos,YES,NA
GSB-051,Giant Sea Bass,SG-GN-170616-02,GN-02,Campo Pesquero,Guerrero Negro,16/06/2017,Alicia II,Ulises,NA,16/06/2017,Las Casitas,NA,Guerrero Negro,NA,NA,NA,Guerrero Negro,NA,NA,NA,NA,NA,13.6,NA,97,NA,27,NA,YES,YES,YES,NA,NA,YES,NO,YES,Ricardo Dominguez/Cynthia Castellanos,Ricardo Dominguez Y Cynthia Castellanos,YES,NA
GSB-052,Giant Sea Bass,SG-EN-170705-01,EN-33,Fish Market,Ensenada,05/07/2017,NA,NA,NA,NA,Ajusco (EreNAira),100,Ensenada,Mercado Negro,NA,NA,Ajusco (EreNAira),NA,NA,NA,NA,NA,2,NA,50,NA,13,NA,YES,YES,YES,YES,NA,YES,YES,YES,Paula Sgarlatta/Abraham Gonzalez,Paula Sgarlatta/Abraham Gonzalez,YES,NA
GSB-053,Giant Sea Bass,SG-EN-170705-02,EN-34,Fish Market,Ensenada,05/07/2017,NA,NA,NA,NA,Ajusco (EreNAira),100,Ensenada,Mercado Negro,NA,NA,Ajusco (EreNAira),NA,NA,NA,NA,NA,1.7,NA,45,NA,11,NA,YES,YES,YES,YES,NA,YES,YES,YES,Paula Sgarlatta/Abraham Gonzalez,Paula Sgarlatta/Abraham Gonzalez,YES,NA
GSB-054,Giant Sea Bass,SG-EN-170710-01,EN-35,Fish Market,Ensenada,10/07/2017,NA,NA,NA,NA,NA,120,Ensenada,Ensenada,NA,NA,Guerrero Negro,NA,NA,NA,NA,NA,168,NA,171,NA,51,NA,YES,YES,NO,NO,NA,NO,NO,YES,Arturo,Arturo,YES,NA
GSB-055,Giant Sea Bass,SG-PA-170703-01,PA-01,Campo Pesquero,Punta Abreojos,03/07/2017,PENAIENTE,PENAIENTE,Cooperativa Punta Abreojos,NA,Punta Abreojos,NA,NA,NA,NA,NA,Punta Abreojos,NA,NA,NA,NA,NA,5.05,NA,69,NA,20.5,NA,YES,YES,YES,NO,NA,NO,YES,YES,José Cota,Arturo,NA,NA
GSB-056,Giant Sea Bass,SG-EN-170713-01,EN-36,Fish Market,Ensenada,13/07/2017,NA,NA,NA,NA,Guerrero Negro,100,Ensenada,Mercado Negro,NA,NA,Guerrero Negro,NA,NA,NA,NA,NA,1.4,NA,52,NA,14.5,NA,YES,YES,NO,NO,NA,YES,YES,YES,Paula Sgarlatta,Paula Sgarlatta,YES,NA
GSB-057,Giant Sea Bass,SG-EN-170713-02,EN-37,Fish Market,Ensenada,13/07/2017,NA,NA,NA,NA,Guerrero Negro,100,Ensenada,Mercado Negro,NA,NA,Guerrero Negro,NA,NA,NA,NA,NA,1.42,NA,47,NA,13,NA,YES,YES,YES,YES,NA,YES,YES,YES,Paula Sgarlatta,Paula Sgarlatta,YES,NA
GSB-058,Giant Sea Bass,SG-EN-170713-03,EN-38,Fish Market,Ensenada,13/07/2017,NA,NA,NA,NA,Guerrero Negro,100,Ensenada,Mercado Negro,NA,NA,Guerrero Negro,NA,NA,NA,NA,NA,1.64,NA,51,NA,14,NA,YES,YES,YES,NO,NA,YES,YES,YES,Paula Sgarlatta,Paula Sgarlatta,YES,NA
GSB-059,Giant Sea Bass,SG-EN-170713-04,EN-39,Fish Market,Ensenada,13/07/2017,NA,NA,NA,NA,Guerrero Negro,100,Ensenada,Mercado Negro,NA,NA,Guerrero Negro,NA,NA,NA,NA,NA,1.06,NA,42,NA,11,NA,YES,YES,YES,NO,NA,YES,YES,YES,Paula Sgarlatta,Paula Sgarlatta,YES,NA
GSB-060,Giant Sea Bass,SG-EN-170713-05,EN-40,Fish Market,Ensenada,13/07/2017,NA,NA,NA,NA,Guerrero Negro,100,Ensenada,Mercado Negro,NA,NA,Guerrero Negro,NA,NA,NA,NA,NA,1.34,NA,48,NA,13,NA,YES,YES,NO,NO,NA,YES,YES,YES,Paula Sgarlatta,Paula Sgarlatta,YES,NA
GSB-061,Giant Sea Bass,SG-EN-170712-01,EN-41,Fish Market,Ensenada,12/07/2017,NA,NA,NA,NA,Guerrero Negro,100,Ensenada,Mercado Negro,NA,NA,Guerrero Negro,NA,NA,NA,NA,NA,2.34,NA,56,NA,18,NA,YES (1),YES,YES,YES,NA,NA,NO,YES,Daniel (Mercado Negro),Daniel (Mercado Negro),YES,NA
GSB-062,Giant Sea Bass,SG-EN-170713-01,EN-42,Fish Market,Ensenada,13/07/2017,NA,NA,NA,NA,Guerrero Negro,100,Ensenada,Mercado Negro,NA,NA,Guerrero Negro,NA,NA,NA,NA,NA,1.34,NA,46,NA,11.5,NA,YES,YES,YES,NO,NA,YES,YES,YES,Paula Sgarlatta,Paula Sgarlatta,YES,NA
GSB-063,Giant Sea Bass,SG-TJ-170723-01,TJ-14,Fish Market,Tijuana,23/07/2017,NA,NA,NA,NA,San Juanico (Golfo de Ulloa),100,Tijuana,Pescaderia Sinaloa,NA,NA,San Juanico (Golfo de Ulloa),NA,NA,NA,NA,NA,5.6,NA,74,NA,19,NA,YES,YES,YES,NO,NA,YES,YES,YES,Arturo,Arturo,NA,NA
GSB-064,Giant Sea Bass,SG-TJ-170723-02,TJ-15,Fish Market,Tijuana,23/07/2017,NA,NA,NA,NA,San Juanico (Golfo de Ulloa),100,Tijuana,Pescaderia Sinaloa,NA,NA,San Juanico (Golfo de Ulloa),NA,NA,NA,NA,NA,4.6,NA,71,NA,18,NA,YES,YES,YES,NO,NA,YES,YES,YES,Arturo,Arturo,NA,NA
GSB-065,Giant Sea Bass,SG-TJ-170723-03,TJ-16,Fish Market,Tijuana,23/07/2017,NA,NA,NA,NA,San Juanico (Golfo de Ulloa),100,Tijuana,Pescaderia Sinaloa,NA,NA,San Juanico (Golfo de Ulloa),NA,NA,NA,NA,NA,6.9,NA,76,NA,20,NA,YES,YES,YES,NO,NA,YES,YES,YES,Arturo,Arturo,NA,NA
GSB-066,Giant Sea Bass,SG-SD-170803-01,SD-01,StraNAed,San Diego,03/08/2017,NA,NA,NA,02/08/2017,Carlsbad,NA,San Diego,NA,NA,NA,Carlsbad,NA,NA,NA,NA,NA,NA,NA,136,NA,35,NA,YES,YES,YES,NO,NA,YES,YES,YES,Arturo,Arturo,NA,Aleta caudal incompleta
GSB-067,Giant Sea Bass,SG-TJ-170804-01,TJ-17,Fish Market,Tijuana,04/08/2017,NA,NA,NA,NA,El Datil,100,Tijuana,Pescaderia Sinaloa,NA,NA,El Datil,NA,NA,NA,Lenguado,40,6.36,NA,75,63,19,NA,YES,YES,NO,NO,NA,YES,YES,YES,Arturo,Arturo,NA,NA
GSB-068,Giant Sea Bass,SG-TJ-170804-02,TJ-18,Fish Market,Tijuana,04/08/2017,NA,NA,NA,NA,El Datil,100,Tijuana,Pescaderia Sinaloa,NA,NA,El Datil,NA,NA,NA,Lenguado,40,6.38,NA,78,66,19,NA,YES,YES,YES,NO,NA,YES,YES,YES,Arturo,Arturo,NA,NA
GSB-069,Giant Sea Bass,SG-TJ-170804-03,TJ-19,Fish Market,Tijuana,04/08/2017,NA,NA,NA,NA,El Datil,100,Tijuana,Pescaderia Sinaloa,NA,NA,El Datil,NA,NA,NA,Lenguado,40,3.89,NA,66,54,17,NA,YES,YES,NO,NO,NA,YES,YES,YES,Arturo,Arturo,NA,NA
GSB-070,Giant Sea Bass,SG-TJ-170804-04,TJ-20,Fish Market,Tijuana,04/08/2017,NA,NA,NA,NA,El Datil,100,Tijuana,Pescaderia Sinaloa,NA,NA,El Datil,NA,NA,NA,Lenguado,40,1.18,Eviscerado,44,35,12,NA,YES,YES,YES,NO,NA,YES,YES,YES,Arturo,Arturo,NA,NA
GSB-071,Giant Sea Bass,SG-TJ-170812-01,TJ-21,Fish Market,Tijuana,12/08/2017,NA,NA,NA,NA,El Datil,100,Tijuana,Pescaderia Sinaloa,NA,NA,El Datil,NA,NA,NA,NA,NA,6.55,Completo,77,64,14,NA,PENAIENTE,YES,PENAIENTE,PENAIENTE,PENAIENTE,PENAIENTE,YES,YES,Arturo,Arturo,NO,Comprado guardado en Pescaderia Angel
GSB-072,Giant Sea Bass,SG-TJ-170812-02,TJ-22,Fish Market,Tijuana,12/08/2017,NA,NA,NA,NA,Guerrero Negro,100,NA,Pescaderia Las Playas,NA,NA,Guerrero Negro,NA,NA,NA,NA,NA,63.3,NA,NA,NA,NA,NA,NO,YES,NO,NO,NO,NO,NO,NO,Arturo,Arturo,YES,"En piezas, solo Peso completo"
GSB-073,Giant Sea Bass,SG-EN-170612-01,EN-43,Fish Market,Ensenada,12/06/2017,NA,NA,NA,NA,NA,NA,Ensenada,Pescadería….,NA,NA,NA,NA,NA,NA,NA,NA,7,NA,79.5,NA,NA,NA,YES,YES,NO,NO,NO,NA,NO?,YES,Ricardo Dominguez/Isabel HernaNAez,Ricardo Dominguez/Isabel HernaNAez,YES,NA
GSB-074,Giant Sea Bass,SG-EN-170612-02,EN-44,Fish Market,Ensenada,12/06/2017,NA,NA,NA,NA,NA,NA,Ensenada,Pescadería….,NA,NA,NA,NA,NA,NA,NA,NA,NA,NA,NA,NA,24,NA,YES,NO,NO,NO,NO,NO,NO?,ONLY THE HEAD,Ricardo Dominguez/Isabel HernaNAez,Ricardo Dominguez/Isabel HernaNAez,YES,NA
GSB-075,Giant Sea Bass,SG-EN-170612-03,EN-45,Fish Market,Ensenada,12/06/2017,NA,NA,NA,NA,NA,NA,Ensenada,Pescadería….,NA,NA,NA,NA,NA,NA,NA,NA,NA,NA,NA,NA,24.5,NA,YES,NO,NO,NO,NO,NO,NO?,ONLY THE HEAD,Ricardo Dominguez/Isabel HernaNAez,Ricardo Dominguez/Isabel HernaNAez,YES,NA
GSB-076,Giant Sea Bass,SG-EN-170810-01,EN-46,Fish Market,Ensenada,10/08/2017,NA,NA,NA,NA,Guerrero Negro,150,Ensenada,Mercado Negro,NA,NA,NA,NA,NA,NA,NA,NA,NA,NA,NA,NA,NA,NA,YES(1.5),NO,NO,NO,NO,NO,NO,YES,Daniel (Mercado Negro),Daniel (Mercado Negro),YES,NA
GSB-077,Giant Sea Bass,SG-EN-170819-01,EN-47,Fish Market,Ensenada,19/08/2017,NA,NA,NA,NA,Guerrero Negro,150,Ensenada,Mercado Negro,NA,NA,NA,NA,NA,NA,NA,NA,6.5,Eviscerado,74,NA,21,NA,YES ,YES,NO,NO,NO,NA,YES,YES,Paula Sgarlatta,Paula Sgarlatta,YES,NA
GSB-078,Giant Sea Bass,SG-EN-170819-02,EN-48,Fish Market,Ensenada,19/08/2017,NA,NA,NA,NA,Guerrero Negro,150,Ensenada,Mercado Negro,NA,NA,NA,NA,NA,NA,NA,NA,24,Eviscerado,112,NA,33,NA,YES,YES,YES,NO,NO,NA,YES,YES,Paula Sgarlatta,Paula Sgarlatta,YES,NA
GSB-079,Giant Sea Bass,SG-TJ-170819-01,TJ-23,Fish Market,Tijuana,19/08/2017,NA,NA,NA,NA,Guerrero Negro,120,NA,Pescaderia El Pescador,NA,NA,Guerrero Negro,NA,NA,NA,NA,NA,7.79,Eviscerado,84.5,71,23.01,NA,YES,YES,YES,NO,INMATURE,NO,YES,YES,Arturo,Arturo,YES,NA
GSB-080,Giant Sea Bass,SG-TJ-170819-02,TJ-24,Fish Market,Tijuana,19/08/2017,NA,NA,NA,NA,Guerrero Negro,120,NA,Pescaderia El Pescador,NA,NA,Guerrero Negro,NA,NA,NA,NA,NA,12.11,Eviscerado,89,73,26,NA,YES,YES,NO,NO,NA,NO,NO,YES,Arturo,Arturo,YES,Aleta caudal incompleta
GSB-081,Giant Sea Bass,SG-GN-170717-01,GN-03,Campo Pesquero,Guerrero Negro,17/07/2017,NA,Ulises,NA,17/07/2017,Guerrero Negro,NA,Guerrero Negro,NA,NA,NA,Guerrero Negro,NA,NA,NA,NA,28,24.5,NA,117.5,NA,31.4,NA,PENAIENTES,YES,NO,NO,NA,NA,NO,YES,NA,NA,YES,NA
GSB-082,Giant Sea Bass,SG-GN-170717-02,GN-04,Campo Pesquero,Guerrero Negro,17/07/2017,NA,Ulises,NA,17/07/2017,Guerrero Negro,NA,Guerrero Negro,NA,NA,NA,Guerrero Negro,NA,NA,NA,NA,NA,3.5,Eviscerado,70.2,NA,20,NA,PENAIENTES,YES,NO,NO,NA,NA,NO,YES,NA,NA,YES,NA
